"Ardi Juni Yansyah","Pria","Palembang","2005-06-12","Jalan  Pulo Gebang Pulo Gebang Cakung Jakarta Timur DKI Jakarta","6289652957490","Muhamad Yani","Nurmala Dewi","1","1"
"Laila Uswathun Sholeha","Wanita","Jakarta","2005-01-04","Jalan  Pulo Gebang Pulo Gebang Cakung Jakarta Timur DKI Jakarta","6285714394767","Mamad Hermawan","Siti Sukarni","1","1"
"Karina Amani Fariyah","Wanita","Yoyakarta","2035-06-17","Jalan Gegunung Tirtohargo Kretek Bantul DI Yogyakarta","6282179345063","Ardi Juni Yansyah","Laila Uswathun Sholeha","8","1"
"         Ghibto Syidqi           ","Pria","Jakarta","2005-06-02","Jalan Raya Penggilingan Penggilingan Jakarta Timur DKI Jakarta","6288297646781","Ujang Harianto","Aisyah Putri","2","2"
"Achmad Rizky Baihaki","Pria","Jakarta","2004-09-13","Jalan  Pulo Gebang Pulo Gebang Cakung Jakarta Timur DKI Jakarta","6283807473786","Effendi Mufazal","Inaya Azmi Athifa","2","2"
"               Uchiha Itachi               ","Pria","Konohagakure","2003-06-09","Kampung Uchiha Konohagakure Shibuya Tokyo","6283154697231","Uchiha Fugaku","Uchiha Mikoto","3","1"
"           Taiju Shiba            ","Pria","Tokyo","2002-07-24","Jalan Black Dragon Black Dragon Shibuya Tokyo","6285477395361","Osamu Shiba","Harumi Shiba","2","3"
"Otsutsuki Isshiki ","Pria","Nogoya","1995-12-13","Jalan Ajioka Ajioka Komaki Nagoya","6289632937751","Otsutsuki Takayuki","Otsutsuki Asami","2","1"
"Thanos Dallin Harison","Pria","Brooklyn","1997-02-06","Jalan Union Brooklyn New York City New York","6284379516619","A'lars","Sui San","2","4"
"Paddle Pop The Lion","Pria","Jakarta","2005-08-15","Jalan Kebayoran Lama Kebayoran Jakarta Selatan","6287691792345","Adisa","Shifa","2","1"
"Shadow Master","Pria","Kediri","2005-09-17","Jalan Hayam Wuruk Dandangan Kota Kediri","6283154379780","Darth Vader","Scarlet Witch","2","1"
