"Danish Leo Karim","Pria","Backend Web Developer","S1 Komputer","Baturaja","2001-07-13"
"Zaki Felix Nasir","Pria","Frontend Web Developer","S1 Komputer","Pekanbaru","1997-04-13"
"Zian Rafi Hakim","Pria","Android Web Developer","M Komputer","Pontianak","2000-05-18"
"Sofia Amina Rania","Wanita","Desain Grafis","S1 Desain","Prabumulih","2000-02-13"
"Zahid Victor Mubarok","Pria","Teknik Audio Video","S1 Teknik Audio Video","Pangkal Pinang","1999-10-15"
"Annisa Putri Mubarok","Wanita","illustrator","S1 Seni","Semarang","2001-05-15"
"Gading Putra Wijaya","Pria","UI/UX Design","S1 Design","Sleman","2001-11-16"
"Hana Kaila Maira","Wanita","Pengolahan Makan","S1 Terapan","Bengkulu","2001-03-18"
"Akira Toyama","Wanita","Strategi Pemasaran","M Manajemen Pemasaran","Nagoya","1998-08-15"
"Rani Aprilia","Wanita","Pengetahuan Dapur & Peralatan Dapur","S1 Terapan","Sekayu","2000-04-15"
