3,1,"Backend Web Developer",2024/2025,"Danish Leo Karim","2025-01-26 02:04:51","2025-01-26 02:04:51"
4,2,"Frontend Web Developer",2024/2025,"Zaki Felix Nasir","2025-01-26 02:04:54","2025-01-26 02:04:54"
5,3,"Android Developer",2024/2025,"Zian Rafi Hakim","2025-01-26 02:04:54","2025-01-26 02:04:54"
6,4,"Desain Grafis",2024/2025,"Sofia Amina Rania","2025-01-26 02:04:54","2025-01-26 02:04:54"
7,5,"Teknik Audio Video",2024/2025,"Zahid Victor Mubarok","2025-01-26 02:04:54","2025-01-26 02:04:54"
8,6,illustrator,2024/2025,"Annisa Putri Azzahra","2025-01-26 02:04:54","2025-01-26 02:04:54"
9,7,"UI/UX Designer",2024/2025,"Gading Putra Wijaya","2025-01-26 02:04:54","2025-01-26 02:04:54"
10,8,"Pengolahan Makan",2024/2025,"Hana Kaila Maira","2025-01-26 02:04:54","2025-01-26 02:04:54"
11,9,"Pengetahuan Dapur & Perlatan Dapur",2024/2025,"Akira Toyama","2025-01-26 02:04:54","2025-01-26 02:04:54"
12,10,"Strategi Pemasaran",2024/2025,"Rani Aprilia","2025-01-26 02:04:54","2025-01-26 02:04:54"
